SET FOREIGN_KEY_CHECKS = 0;
INSERT INTO address_country (id, code, name, priority) VALUES (1, 'AD', 'country.AD', NULL);
INSERT INTO address_country (id, code, name, priority) VALUES (2, 'AE', 'country.AE', NULL);
INSERT INTO address_country (id, code, name, priority) VALUES (3, 'AF', 'country.AF', NULL);
INSERT INTO address_country (id, code, name, priority) VALUES (4, 'AG', 'country.AG', NULL);
INSERT INTO address_country (id, code, name, priority) VALUES (15, 'AI', 'country.AI', NULL);
INSERT INTO address_country (id, code, name, priority) VALUES (16, 'AL', 'country.AL', NULL);
INSERT INTO address_country (id, code, name, priority) VALUES (17, 'AM', 'country.AM', NULL);
INSERT INTO address_country (id, code, name, priority) VALUES (18, 'AN', 'country.AN', NULL);
INSERT INTO address_country (id, code, name, priority) VALUES (19, 'AO', 'country.AO', NULL);
INSERT INTO address_country (id, code, name, priority) VALUES (20, 'AQ', 'country.AQ', NULL);
INSERT INTO address_country (id, code, name, priority) VALUES (21, 'AR', 'country.AR', NULL);
INSERT INTO address_country (id, code, name, priority) VALUES (22, 'AS', 'country.AS', NULL);
INSERT INTO address_country (id, code, name, priority) VALUES (23, 'AT', 'country.AT', NULL);
INSERT INTO address_country (id, code, name, priority) VALUES (24, 'AU', 'country.AU', NULL);
INSERT INTO address_country (id, code, name, priority) VALUES (25, 'AV', 'country.AV', NULL);
INSERT INTO address_country (id, code, name, priority) VALUES (26, 'AW', 'country.AW', NULL);
INSERT INTO address_country (id, code, name, priority) VALUES (27, 'AZ', 'country.AZ', NULL);
INSERT INTO address_country (id, code, name, priority) VALUES (28, 'BA', 'country.BA', NULL);
INSERT INTO address_country (id, code, name, priority) VALUES (29, 'BB', 'country.BB', NULL);
INSERT INTO address_country (id, code, name, priority) VALUES (30, 'BD', 'country.BD', NULL);
INSERT INTO address_country (id, code, name, priority) VALUES (31, 'BE', 'country.BE', NULL);
INSERT INTO address_country (id, code, name, priority) VALUES (32, 'BF', 'country.BF', NULL);
INSERT INTO address_country (id, code, name, priority) VALUES (33, 'BG', 'country.BG', NULL);
INSERT INTO address_country (id, code, name, priority) VALUES (34, 'BH', 'country.BH', NULL);
INSERT INTO address_country (id, code, name, priority) VALUES (35, 'BI', 'country.BI', NULL);
INSERT INTO address_country (id, code, name, priority) VALUES (36, 'BJ', 'country.BJ', NULL);
INSERT INTO address_country (id, code, name, priority) VALUES (37, 'BM', 'country.BM', NULL);
INSERT INTO address_country (id, code, name, priority) VALUES (38, 'BN', 'country.BN', NULL);
INSERT INTO address_country (id, code, name, priority) VALUES (39, 'BO', 'country.BO', NULL);
INSERT INTO address_country (id, code, name, priority) VALUES (40, 'BR', 'country.BR', NULL);
INSERT INTO address_country (id, code, name, priority) VALUES (41, 'BS', 'country.BS', NULL);
INSERT INTO address_country (id, code, name, priority) VALUES (42, 'BT', 'country.BT', NULL);
INSERT INTO address_country (id, code, name, priority) VALUES (43, 'BV', 'country.BV', NULL);
INSERT INTO address_country (id, code, name, priority) VALUES (44, 'BW', 'country.BW', NULL);
INSERT INTO address_country (id, code, name, priority) VALUES (45, 'BY', 'country.BY', NULL);
INSERT INTO address_country (id, code, name, priority) VALUES (46, 'BZ', 'country.BZ', NULL);
INSERT INTO address_country (id, code, name, priority) VALUES (47, 'CA', 'country.CA', NULL);
INSERT INTO address_country (id, code, name, priority) VALUES (48, 'CC', 'country.CC', NULL);
INSERT INTO address_country (id, code, name, priority) VALUES (49, 'CD', 'country.CD', NULL);
INSERT INTO address_country (id, code, name, priority) VALUES (50, 'CF', 'country.CF', NULL);
INSERT INTO address_country (id, code, name, priority) VALUES (51, 'CG', 'country.CG', NULL);
INSERT INTO address_country (id, code, name, priority) VALUES (52, 'CH', 'country.CH', NULL);
INSERT INTO address_country (id, code, name, priority) VALUES (53, 'CK', 'country.CK', NULL);
INSERT INTO address_country (id, code, name, priority) VALUES (54, 'CL', 'country.CL', NULL);
INSERT INTO address_country (id, code, name, priority) VALUES (55, 'CM', 'country.CM', NULL);
INSERT INTO address_country (id, code, name, priority) VALUES (56, 'CN', 'country.CN', NULL);
INSERT INTO address_country (id, code, name, priority) VALUES (57, 'CO', 'country.CO', NULL);
INSERT INTO address_country (id, code, name, priority) VALUES (58, 'CR', 'country.CR', NULL);
INSERT INTO address_country (id, code, name, priority) VALUES (59, 'CU', 'country.CU', NULL);
INSERT INTO address_country (id, code, name, priority) VALUES (60, 'CV', 'country.CV', NULL);
INSERT INTO address_country (id, code, name, priority) VALUES (61, 'CX', 'country.CX', NULL);
INSERT INTO address_country (id, code, name, priority) VALUES (62, 'CY', 'country.CY', NULL);
INSERT INTO address_country (id, code, name, priority) VALUES (63, 'CZ', 'country.CZ', NULL);
INSERT INTO address_country (id, code, name, priority) VALUES (64, 'DE', 'country.DE', NULL);
INSERT INTO address_country (id, code, name, priority) VALUES (65, 'DJ', 'country.DJ', NULL);
INSERT INTO address_country (id, code, name, priority) VALUES (66, 'DK', 'country.DK', NULL);
INSERT INTO address_country (id, code, name, priority) VALUES (67, 'DM', 'country.DM', NULL);
INSERT INTO address_country (id, code, name, priority) VALUES (68, 'DO', 'country.DO', NULL);
INSERT INTO address_country (id, code, name, priority) VALUES (69, 'DZ', 'country.DZ', NULL);
INSERT INTO address_country (id, code, name, priority) VALUES (70, 'EC', 'country.EC', NULL);
INSERT INTO address_country (id, code, name, priority) VALUES (71, 'AA', 'country.AA', NULL);
INSERT INTO address_country (id, code, name, priority) VALUES (72, 'EE', 'country.EE', NULL);
INSERT INTO address_country (id, code, name, priority) VALUES (73, 'EG', 'country.EG', NULL);
INSERT INTO address_country (id, code, name, priority) VALUES (74, 'EH', 'country.EH', NULL);
INSERT INTO address_country (id, code, name, priority) VALUES (75, 'ER', 'country.ER', NULL);
INSERT INTO address_country (id, code, name, priority) VALUES (76, 'ES', 'country.ES', NULL);
INSERT INTO address_country (id, code, name, priority) VALUES (77, 'ET', 'country.ET', NULL);
INSERT INTO address_country (id, code, name, priority) VALUES (78, 'FI', 'country.FI', NULL);
INSERT INTO address_country (id, code, name, priority) VALUES (79, 'FJ', 'country.FJ', NULL);
INSERT INTO address_country (id, code, name, priority) VALUES (80, 'FK', 'country.FK', NULL);
INSERT INTO address_country (id, code, name, priority) VALUES (81, 'FM', 'country.FM', NULL);
INSERT INTO address_country (id, code, name, priority) VALUES (82, 'FO', 'country.FO', NULL);
INSERT INTO address_country (id, code, name, priority) VALUES (83, 'FR', 'country.FR', NULL);
INSERT INTO address_country (id, code, name, priority) VALUES (84, 'FX', 'country.FX', NULL);
INSERT INTO address_country (id, code, name, priority) VALUES (85, 'GA', 'country.GA', NULL);
INSERT INTO address_country (id, code, name, priority) VALUES (86, 'GB', 'country.GB', NULL);
INSERT INTO address_country (id, code, name, priority) VALUES (87, 'GD', 'country.GD', NULL);
INSERT INTO address_country (id, code, name, priority) VALUES (88, 'GE', 'country.GE', NULL);
INSERT INTO address_country (id, code, name, priority) VALUES (89, 'GF', 'country.GF', NULL);
INSERT INTO address_country (id, code, name, priority) VALUES (90, 'GH', 'country.GH', NULL);
INSERT INTO address_country (id, code, name, priority) VALUES (91, 'GI', 'country.GI', NULL);
INSERT INTO address_country (id, code, name, priority) VALUES (92, 'GL', 'country.GL', NULL);
INSERT INTO address_country (id, code, name, priority) VALUES (93, 'GM', 'country.GM', NULL);
INSERT INTO address_country (id, code, name, priority) VALUES (94, 'GN', 'country.GN', NULL);
INSERT INTO address_country (id, code, name, priority) VALUES (95, 'GP', 'country.GP', NULL);
INSERT INTO address_country (id, code, name, priority) VALUES (96, 'GQ', 'country.GQ', NULL);
INSERT INTO address_country (id, code, name, priority) VALUES (97, 'GR', 'country.GR', NULL);
INSERT INTO address_country (id, code, name, priority) VALUES (98, 'GT', 'country.GT', NULL);
INSERT INTO address_country (id, code, name, priority) VALUES (99, 'GU', 'country.GU', NULL);
INSERT INTO address_country (id, code, name, priority) VALUES (100, 'GW', 'country.GW', NULL);
INSERT INTO address_country (id, code, name, priority) VALUES (101, 'GY', 'country.GY', NULL);
INSERT INTO address_country (id, code, name, priority) VALUES (102, 'HK', 'country.HK', NULL);
INSERT INTO address_country (id, code, name, priority) VALUES (103, 'HM', 'country.HM', NULL);
INSERT INTO address_country (id, code, name, priority) VALUES (104, 'HN', 'country.HN', NULL);
INSERT INTO address_country (id, code, name, priority) VALUES (105, 'HR', 'country.HR', NULL);
INSERT INTO address_country (id, code, name, priority) VALUES (106, 'HT', 'country.HT', NULL);
INSERT INTO address_country (id, code, name, priority) VALUES (107, 'HU', 'country.HU', NULL);
INSERT INTO address_country (id, code, name, priority) VALUES (108, 'ID', 'country.ID', NULL);
INSERT INTO address_country (id, code, name, priority) VALUES (109, 'IE', 'country.IE', NULL);
INSERT INTO address_country (id, code, name, priority) VALUES (110, 'IL', 'country.IL', NULL);
INSERT INTO address_country (id, code, name, priority) VALUES (111, 'IN', 'country.IN', NULL);
INSERT INTO address_country (id, code, name, priority) VALUES (112, 'IO', 'country.IO', NULL);
INSERT INTO address_country (id, code, name, priority) VALUES (113, 'IQ', 'country.IQ', NULL);
INSERT INTO address_country (id, code, name, priority) VALUES (114, 'IR', 'country.IR', NULL);
INSERT INTO address_country (id, code, name, priority) VALUES (115, 'IS', 'country.IS', NULL);
INSERT INTO address_country (id, code, name, priority) VALUES (116, 'IT', 'country.IT', NULL);
INSERT INTO address_country (id, code, name, priority) VALUES (117, 'JM', 'country.JM', NULL);
INSERT INTO address_country (id, code, name, priority) VALUES (118, 'JO', 'country.JO', NULL);
INSERT INTO address_country (id, code, name, priority) VALUES (119, 'JP', 'country.JP', NULL);
INSERT INTO address_country (id, code, name, priority) VALUES (120, 'KE', 'country.KE', NULL);
INSERT INTO address_country (id, code, name, priority) VALUES (121, 'KG', 'country.KG', NULL);
INSERT INTO address_country (id, code, name, priority) VALUES (122, 'KH', 'country.KH', NULL);
INSERT INTO address_country (id, code, name, priority) VALUES (123, 'KI', 'country.KI', NULL);
INSERT INTO address_country (id, code, name, priority) VALUES (124, 'KM', 'country.KM', NULL);
INSERT INTO address_country (id, code, name, priority) VALUES (125, 'KN', 'country.KN', NULL);
INSERT INTO address_country (id, code, name, priority) VALUES (126, 'KP', 'country.KP', NULL);
INSERT INTO address_country (id, code, name, priority) VALUES (127, 'KR', 'country.KR', NULL);
INSERT INTO address_country (id, code, name, priority) VALUES (128, 'KW', 'country.KW', NULL);
INSERT INTO address_country (id, code, name, priority) VALUES (129, 'KY', 'country.KY', NULL);
INSERT INTO address_country (id, code, name, priority) VALUES (130, 'KZ', 'country.KZ', NULL);
INSERT INTO address_country (id, code, name, priority) VALUES (131, 'LA', 'country.LA', NULL);
INSERT INTO address_country (id, code, name, priority) VALUES (132, 'LB', 'country.LB', NULL);
INSERT INTO address_country (id, code, name, priority) VALUES (133, 'LC', 'country.LC', NULL);
INSERT INTO address_country (id, code, name, priority) VALUES (134, 'LI', 'country.LI', NULL);
INSERT INTO address_country (id, code, name, priority) VALUES (135, 'LK', 'country.LK', NULL);
INSERT INTO address_country (id, code, name, priority) VALUES (136, 'LR', 'country.LR', NULL);
INSERT INTO address_country (id, code, name, priority) VALUES (137, 'LS', 'country.LS', NULL);
INSERT INTO address_country (id, code, name, priority) VALUES (138, 'LT', 'country.LT', NULL);
INSERT INTO address_country (id, code, name, priority) VALUES (139, 'LU', 'country.LU', NULL);
INSERT INTO address_country (id, code, name, priority) VALUES (140, 'LV', 'country.LV', NULL);
INSERT INTO address_country (id, code, name, priority) VALUES (141, 'LY', 'country.LY', NULL);
INSERT INTO address_country (id, code, name, priority) VALUES (142, 'MA', 'country.MA', NULL);
INSERT INTO address_country (id, code, name, priority) VALUES (143, 'MC', 'country.MC', NULL);
INSERT INTO address_country (id, code, name, priority) VALUES (144, 'MD', 'country.MD', NULL);
INSERT INTO address_country (id, code, name, priority) VALUES (145, 'MG', 'country.MG', NULL);
INSERT INTO address_country (id, code, name, priority) VALUES (146, 'MH', 'country.MH', NULL);
INSERT INTO address_country (id, code, name, priority) VALUES (147, 'MK', 'country.MK', NULL);
INSERT INTO address_country (id, code, name, priority) VALUES (148, 'ML', 'country.ML', NULL);
INSERT INTO address_country (id, code, name, priority) VALUES (149, 'MM', 'country.MM', NULL);
INSERT INTO address_country (id, code, name, priority) VALUES (150, 'MN', 'country.MN', NULL);
INSERT INTO address_country (id, code, name, priority) VALUES (151, 'MO', 'country.MO', NULL);
INSERT INTO address_country (id, code, name, priority) VALUES (152, 'MP', 'country.MP', NULL);
INSERT INTO address_country (id, code, name, priority) VALUES (153, 'MQ', 'country.MQ', NULL);
INSERT INTO address_country (id, code, name, priority) VALUES (154, 'MR', 'country.MR', NULL);
INSERT INTO address_country (id, code, name, priority) VALUES (155, 'MS', 'country.MS', NULL);
INSERT INTO address_country (id, code, name, priority) VALUES (156, 'MT', 'country.MT', NULL);
INSERT INTO address_country (id, code, name, priority) VALUES (157, 'MU', 'country.MU', NULL);
INSERT INTO address_country (id, code, name, priority) VALUES (158, 'MV', 'country.MV', NULL);
INSERT INTO address_country (id, code, name, priority) VALUES (159, 'MW', 'country.MW', NULL);
INSERT INTO address_country (id, code, name, priority) VALUES (160, 'MX', 'country.MX', NULL);
INSERT INTO address_country (id, code, name, priority) VALUES (161, 'MY', 'country.MY', NULL);
INSERT INTO address_country (id, code, name, priority) VALUES (162, 'MZ', 'country.MZ', NULL);
INSERT INTO address_country (id, code, name, priority) VALUES (163, 'NA', 'country.NA', NULL);
INSERT INTO address_country (id, code, name, priority) VALUES (164, 'NC', 'country.NC', NULL);
INSERT INTO address_country (id, code, name, priority) VALUES (165, 'NE', 'country.NE', NULL);
INSERT INTO address_country (id, code, name, priority) VALUES (166, 'NF', 'country.NF', NULL);
INSERT INTO address_country (id, code, name, priority) VALUES (167, 'NG', 'country.NG', NULL);
INSERT INTO address_country (id, code, name, priority) VALUES (168, 'NI', 'country.NI', NULL);
INSERT INTO address_country (id, code, name, priority) VALUES (169, 'NL', 'country.NL', NULL);
INSERT INTO address_country (id, code, name, priority) VALUES (170, 'NO', 'country.NO', NULL);
INSERT INTO address_country (id, code, name, priority) VALUES (171, 'NP', 'country.NP', NULL);
INSERT INTO address_country (id, code, name, priority) VALUES (172, 'NR', 'country.NR', NULL);
INSERT INTO address_country (id, code, name, priority) VALUES (173, 'NT', 'country.NT', NULL);
INSERT INTO address_country (id, code, name, priority) VALUES (174, 'NU', 'country.NU', NULL);
INSERT INTO address_country (id, code, name, priority) VALUES (175, 'NZ', 'country.NZ', NULL);
INSERT INTO address_country (id, code, name, priority) VALUES (176, 'OM', 'country.OM', NULL);
INSERT INTO address_country (id, code, name, priority) VALUES (177, 'PA', 'country.PA', NULL);
INSERT INTO address_country (id, code, name, priority) VALUES (178, 'PE', 'country.PE', NULL);
INSERT INTO address_country (id, code, name, priority) VALUES (179, 'PF', 'country.PF', NULL);
INSERT INTO address_country (id, code, name, priority) VALUES (180, 'PG', 'country.PG', NULL);
INSERT INTO address_country (id, code, name, priority) VALUES (181, 'PH', 'country.PH', NULL);
INSERT INTO address_country (id, code, name, priority) VALUES (182, 'PK', 'country.PK', NULL);
INSERT INTO address_country (id, code, name, priority) VALUES (183, 'PL', 'country.PL', NULL);
INSERT INTO address_country (id, code, name, priority) VALUES (184, 'PM', 'country.PM', NULL);
INSERT INTO address_country (id, code, name, priority) VALUES (185, 'PN', 'country.PN', NULL);
INSERT INTO address_country (id, code, name, priority) VALUES (186, 'PR', 'country.PR', NULL);
INSERT INTO address_country (id, code, name, priority) VALUES (187, 'PT', 'country.PT', NULL);
INSERT INTO address_country (id, code, name, priority) VALUES (188, 'PW', 'country.PW', NULL);
INSERT INTO address_country (id, code, name, priority) VALUES (189, 'PY', 'country.PY', NULL);
INSERT INTO address_country (id, code, name, priority) VALUES (190, 'QA', 'country.QA', NULL);
INSERT INTO address_country (id, code, name, priority) VALUES (191, 'RE', 'country.RE', NULL);
INSERT INTO address_country (id, code, name, priority) VALUES (192, 'RO', 'country.RO', NULL);
INSERT INTO address_country (id, code, name, priority) VALUES (193, 'RU', 'country.RU', NULL);
INSERT INTO address_country (id, code, name, priority) VALUES (194, 'RW', 'country.RW', NULL);
INSERT INTO address_country (id, code, name, priority) VALUES (195, 'SA', 'country.SA', NULL);
INSERT INTO address_country (id, code, name, priority) VALUES (196, 'SC', 'country.SC', NULL);
INSERT INTO address_country (id, code, name, priority) VALUES (197, 'SD', 'country.SD', NULL);
INSERT INTO address_country (id, code, name, priority) VALUES (198, 'SE', 'country.SE', NULL);
INSERT INTO address_country (id, code, name, priority) VALUES (199, 'SG', 'country.SG', NULL);
INSERT INTO address_country (id, code, name, priority) VALUES (200, 'SH', 'country.SH', NULL);
INSERT INTO address_country (id, code, name, priority) VALUES (201, 'SI', 'country.SI', NULL);
INSERT INTO address_country (id, code, name, priority) VALUES (202, 'SK', 'country.SK', NULL);
INSERT INTO address_country (id, code, name, priority) VALUES (203, 'SL', 'country.SL', NULL);
INSERT INTO address_country (id, code, name, priority) VALUES (204, 'SM', 'country.SM', NULL);
INSERT INTO address_country (id, code, name, priority) VALUES (205, 'SN', 'country.SN', NULL);
INSERT INTO address_country (id, code, name, priority) VALUES (206, 'SO', 'country.SO', NULL);
INSERT INTO address_country (id, code, name, priority) VALUES (207, 'SR', 'country.SR', NULL);
INSERT INTO address_country (id, code, name, priority) VALUES (208, 'ST', 'country.ST', NULL);
INSERT INTO address_country (id, code, name, priority) VALUES (209, 'SU', 'country.SU', NULL);
INSERT INTO address_country (id, code, name, priority) VALUES (210, 'SV', 'country.SV', NULL);
INSERT INTO address_country (id, code, name, priority) VALUES (211, 'SY', 'country.SY', NULL);
INSERT INTO address_country (id, code, name, priority) VALUES (212, 'SZ', 'country.SZ', NULL);
INSERT INTO address_country (id, code, name, priority) VALUES (213, 'Sb', 'country.Sb', NULL);
INSERT INTO address_country (id, code, name, priority) VALUES (214, 'TC', 'country.TC', NULL);
INSERT INTO address_country (id, code, name, priority) VALUES (215, 'TD', 'country.TD', NULL);
INSERT INTO address_country (id, code, name, priority) VALUES (216, 'TG', 'country.TG', NULL);
INSERT INTO address_country (id, code, name, priority) VALUES (217, 'TH', 'country.TH', NULL);
INSERT INTO address_country (id, code, name, priority) VALUES (218, 'TJ', 'country.TJ', NULL);
INSERT INTO address_country (id, code, name, priority) VALUES (219, 'TK', 'country.TK', NULL);
INSERT INTO address_country (id, code, name, priority) VALUES (220, 'TM', 'country.TM', NULL);
INSERT INTO address_country (id, code, name, priority) VALUES (221, 'TN', 'country.TN', NULL);
INSERT INTO address_country (id, code, name, priority) VALUES (222, 'TO', 'country.TO', NULL);
INSERT INTO address_country (id, code, name, priority) VALUES (223, 'TP', 'country.TP', NULL);
INSERT INTO address_country (id, code, name, priority) VALUES (224, 'TR', 'country.TR', NULL);
INSERT INTO address_country (id, code, name, priority) VALUES (225, 'TT', 'country.TT', NULL);
INSERT INTO address_country (id, code, name, priority) VALUES (226, 'TV', 'country.TV', NULL);
INSERT INTO address_country (id, code, name, priority) VALUES (227, 'TW', 'country.TW', NULL);
INSERT INTO address_country (id, code, name, priority) VALUES (228, 'TZ', 'country.TZ', NULL);
INSERT INTO address_country (id, code, name, priority) VALUES (229, 'UA', 'country.UA', NULL);
INSERT INTO address_country (id, code, name, priority) VALUES (230, 'UG', 'country.UG', NULL);
INSERT INTO address_country (id, code, name, priority) VALUES (231, 'UK', 'country.UK', NULL);
INSERT INTO address_country (id, code, name, priority) VALUES (232, 'UM', 'country.UM', NULL);
INSERT INTO address_country (id, code, name, priority) VALUES (233, 'US', 'country.US', NULL);
INSERT INTO address_country (id, code, name, priority) VALUES (234, 'UY', 'country.UY', NULL);
INSERT INTO address_country (id, code, name, priority) VALUES (235, 'UZ', 'country.UZ', NULL);
INSERT INTO address_country (id, code, name, priority) VALUES (236, 'VC', 'country.VC', NULL);
INSERT INTO address_country (id, code, name, priority) VALUES (237, 'VE', 'country.VE', NULL);
INSERT INTO address_country (id, code, name, priority) VALUES (238, 'VG', 'country.VG', NULL);
INSERT INTO address_country (id, code, name, priority) VALUES (239, 'VI', 'country.VI', NULL);
INSERT INTO address_country (id, code, name, priority) VALUES (240, 'VN', 'country.VN', NULL);
INSERT INTO address_country (id, code, name, priority) VALUES (241, 'VU', 'country.VU', NULL);
INSERT INTO address_country (id, code, name, priority) VALUES (242, 'WF', 'country.WF', NULL);
INSERT INTO address_country (id, code, name, priority) VALUES (243, 'WS', 'country.WS', NULL);
INSERT INTO address_country (id, code, name, priority) VALUES (244, 'YE', 'country.YE', NULL);
INSERT INTO address_country (id, code, name, priority) VALUES (245, 'YT', 'country.YT', NULL);
INSERT INTO address_country (id, code, name, priority) VALUES (246, 'YU', 'country.YU', NULL);
INSERT INTO address_country (id, code, name, priority) VALUES (247, 'ZA', 'country.ZA', NULL);
INSERT INTO address_country (id, code, name, priority) VALUES (248, 'ZM', 'country.ZM', NULL);
INSERT INTO address_country (id, code, name, priority) VALUES (249, 'ZW', 'country.ZW', NULL);
INSERT INTO address_country (id, code, name, priority) VALUES (250, 'CB', 'country.CB', NULL);
INSERT INTO address_country (id, code, name, priority) VALUES (251, 'VA', 'country.VA', NULL);


--
-- Data for TOC entry 38 (OID 19789)
-- Name: calendar_event; Type: TABLE DATA; Schema: public; Owner: postgres
--



--
-- Data for TOC entry 39 (OID 19797)
-- Name: calendar_holiday; Type: TABLE DATA; Schema: public; Owner: postgres
--



--
-- Data for TOC entry 41 (OID 19810)
-- Name: file; Type: TABLE DATA; Schema: public; Owner: postgres
--




--
-- Data for TOC entry 43 (OID 19820)
-- Name: library_comment; Type: TABLE DATA; Schema: public; Owner: postgres
--



--
-- Data for TOC entry 44 (OID 19828)
-- Name: library_faq; Type: TABLE DATA; Schema: public; Owner: postgres
--

INSERT INTO library_faq (id, library_faq_category, question, answer) VALUES (1, 1, 'What is this document?', '<p>This document tries to answer frequently asked questions about ivata groupware.</p>');
INSERT INTO library_faq (id, library_faq_category, question, answer) VALUES (6, 2, 'What browser do I need?', '<p>There is no specific browser that we use, though most of the pages have been thoroughly tested with <a href="http://www.mozilla.org/">Mozilla</a>, and the <a href="http://www.microsoft.com/windows/ie">Internet Explorer</a>.</p>');
INSERT INTO library_faq (id, library_faq_category, question, answer) VALUES (7, 2, 'Can people outside the company see my article on the internet?', '<p style="font-style: normal; font-weight: medium">No. Every page is protected by the login process.</p>');
INSERT INTO library_faq (id, library_faq_category, question, answer) VALUES (11, 3, 'How long should my item be?', '<p>As long as it needs to be <B>:-)</B></p> <p style="font-weight: medium">We have items ranging from just a few sentences to tens of pages. The only exception to this is please don&#146;t post two short items one after another, where the subject content is similar in each case.</p>');
INSERT INTO library_faq (id, library_faq_category, question, answer) VALUES (9, 3, 'What subject can I write about?', '<p>Well anything that is to do with your company. Looking at some of the existing items should give you some ideas.</p>');
INSERT INTO library_faq (id, library_faq_category, question, answer) VALUES (18, 4, 'On which items may I post comments?', '<p>You may and should post comments on all items about which you have a feeling. Go for it! Tell us what you really think!</p>');
INSERT INTO library_faq (id, library_faq_category, question, answer) VALUES (20, 4, 'What do I do if I have a really long comment? Should I post a new item?', '<p>That depends. If the original item was written a while ago and you have some additional information (rather than just an opinion) then it might make sense to post a new item. Otherwise, post the comment to the item directly. Long comments are automatically shortened with a little link at the end of the comment to show the whole text.</p>');
INSERT INTO library_faq (id, library_faq_category, question, answer) VALUES (2, 1, 'What is ivata groupware?', '<p>ivata groupware is a series of pages which are internal to your company. It''s a private site where the firm can share information, and record progress as a team.</p>');
INSERT INTO library_faq (id, library_faq_category, question, answer) VALUES (8, 3, 'May I write an item to the library?', '<p>Yes, yes, yes! Everyone who has access to ivata groupware should feel free to post articles about matters of interest to the company.</p>');
INSERT INTO library_faq (id, library_faq_category, question, answer) VALUES (19, 4, 'How will people know I have written a comment?', '<p>Whenever you send a comment to an item, all users of your company ivata groupware automatically receive an email containing the comment and a link to the item it is about. If you reply to an original comment, then the comment you are replying to is also shown in the email.</p> <p><b>Note:</b> only the users of  <b><u>your</u></b> site will see the comment. Other companies who also have ivata accounts  have no acess to your information.</p>');


--
-- Data for TOC entry 45 (OID 19836)
-- Name: library_faq_category; Type: TABLE DATA; Schema: public; Owner: postgres
--

INSERT INTO library_faq_category (id, library_item, name, description) VALUES (1, 1, 'general', 'This section contains the most basic questions about using the ivata groupware.');
INSERT INTO library_faq_category (id, library_item, name, description) VALUES (2, 1, 'security &amp; access', 'All matters concerning accessing the system and who can see what you write are answered here.');
INSERT INTO library_faq_category (id, library_item, name, description) VALUES (3, 1, 'library items', 'Questions about submitting library items, and the sort of content they should offer.');
INSERT INTO library_faq_category (id, library_item, name, description) VALUES (4, 1, 'comments', 'Look here for the who, what when and why of comment posting.');


--
-- Data for TOC entry 46 (OID 19844)
-- Name: library_item; Type: TABLE DATA; Schema: public; Owner: postgres
--

INSERT INTO library_item (id, type, library_topic, title, image_directory, created_by, created, modified_by, modified, summary) VALUES (1, 2, 7, 'Frequently Asked Questions', NULL, 1, '2001-06-06 10:00:00', 1, '2002-10-01 00:00:00', 'Frequently Asked Questions about this ivata groupware');


--
-- Data for TOC entry 47 (OID 19852)
-- Name: library_page; Type: TABLE DATA; Schema: public; Owner: postgres
--



--
-- Data for TOC entry 48 (OID 19860)
-- Name: library_topic; Type: TABLE DATA; Schema: public; Owner: postgres
--

INSERT INTO library_topic (id, image, caption) VALUES (1, 'project_plan.gif', 'Project Plan');
INSERT INTO library_topic (id, image, caption) VALUES (2, 'jokes.gif', 'Jokes');
INSERT INTO library_topic (id, image, caption) VALUES (3, 'consulting.gif', 'Consulting');
INSERT INTO library_topic (id, image, caption) VALUES (4, 'business_news.gif', 'Business news');
INSERT INTO library_topic (id, image, caption) VALUES (5, 'financial_reporting.gif', 'Financial Reporting');
INSERT INTO library_topic (id, image, caption) VALUES (6, 'meeting.gif', 'Meetings');
INSERT INTO library_topic (id, image, caption) VALUES (7, 'system_administration.gif', 'System Administration');
INSERT INTO library_topic (id, image, caption) VALUES (8, 'technical_news.gif', 'Technical News');
INSERT INTO library_topic (id, image, caption) VALUES (9, 'executive_reports.gif', 'Executive Reports');
INSERT INTO library_topic (id, image, caption) VALUES (10, 'group_event.gif', 'Group Event');
INSERT INTO library_topic (id, image, caption) VALUES (11, 'company_news.gif', 'Company News');
INSERT INTO library_topic (id, image, caption) VALUES (12, 'office_administration.gif', 'Office Administration');


--
-- Data for TOC entry 49 (OID 19868)
-- Name: mail_message; Type: TABLE DATA; Schema: public; Owner: postgres
--



--
-- Data for TOC entry 50 (OID 19873)
-- Name: meeting; Type: TABLE DATA; Schema: public; Owner: postgres
--



--
-- Data for TOC entry 51 (OID 19878)
-- Name: meeting_agenda_point; Type: TABLE DATA; Schema: public; Owner: postgres
--



--
-- Data for TOC entry 52 (OID 19886)
-- Name: meeting_attendee; Type: TABLE DATA; Schema: public; Owner: postgres
--



--
-- Data for TOC entry 53 (OID 19891)
-- Name: meeting_category; Type: TABLE DATA; Schema: public; Owner: postgres
--



--
-- Data for TOC entry 54 (OID 19896)
-- Name: navigation_folder; Type: TABLE DATA; Schema: public; Owner: postgres
--



--
-- Data for TOC entry 55 (OID 19901)
-- Name: navigation_menu; Type: TABLE DATA; Schema: public; Owner: postgres
--

INSERT INTO navigation_menu (id, priority, text) VALUES (1, -1, 'main');
INSERT INTO navigation_menu (id, priority, text) VALUES (2, 10, 'homepages');
INSERT INTO navigation_menu (id, priority, text) VALUES (4, 2, 'library');
INSERT INTO navigation_menu (id, priority, text) VALUES (0, 0, 'favorites');
INSERT INTO navigation_menu (id, priority, text) VALUES (3, 1, 'calendar');
--INSERT INTO navigation_menu (id, priority, text) VALUES (5, 3, 'webmail');


--
-- Data for TOC entry 56 (OID 19906)
-- Name: navigation_menu_item; Type: TABLE DATA; Schema: public; Owner: postgres
--

INSERT INTO navigation_menu_item (id, person_user, priority, menu, text, url, image) VALUES (44, NULL, 0, 1, 'calendar', 'calendar', 'calendar/index.gif');
INSERT INTO navigation_menu_item (id, person_user, priority, menu, text, url, image) VALUES (45, NULL, 1, 1, 'contacts', 'addressBook', 'addressBook/index.gif');
INSERT INTO navigation_menu_item (id, person_user, priority, menu, text, url, image) VALUES (46, NULL, 2, 1, 'library', 'library', 'library/index.gif');
INSERT INTO navigation_menu_item (id, person_user, priority, menu, text, url, image) VALUES (47, NULL, 3, 1, 'webmail', 'mail', 'mail/index.gif');
INSERT INTO navigation_menu_item (id, person_user, priority, menu, text, url, image) VALUES (48, NULL, 98, 1, 'preferences', 'popUpWindow:setting?width=600&height=550', 'setting/index.gif');
INSERT INTO navigation_menu_item (id, person_user, priority, menu, text, url, image) VALUES (49, NULL, 99, 1, 'faq', 'library/display.action?id=1', 'library/faq.gif');
INSERT INTO navigation_menu_item (id, person_user, priority, menu, text, url, image) VALUES (50, NULL, 100, 1, 'logout', 'logout.jsp', 'logout.gif');
INSERT INTO navigation_menu_item (id, person_user, priority, menu, text, url, image) VALUES (51, NULL, 0, 3, 'new event', 'popUpWindow:calendar/event.action?type=1&width=550&height=520', 'calendar/event.gif');
INSERT INTO navigation_menu_item (id, person_user, priority, menu, text, url, image) VALUES (53, NULL, -1, 4, 'notice board', 'library', 'library/index.gif');
INSERT INTO navigation_menu_item (id, person_user, priority, menu, text, url, image) VALUES (54, NULL, 0, 4, 'new document', 'library/submit.action?type=0', 'library/submitDocument.gif');
INSERT INTO navigation_menu_item (id, person_user, priority, menu, text, url, image) VALUES (55, NULL, 1, 4, 'make note', 'library/submit.action?type=4', 'library/submitNotice.gif');
INSERT INTO navigation_menu_item (id, person_user, priority, menu, text, url, image) VALUES (56, NULL, 2, 4, 'post answers', 'library/submit.action?type=2', 'library/submitFaq.gif');
INSERT INTO navigation_menu_item (id, person_user, priority, menu, text, url, image) VALUES (57, NULL, 3, 4, 'write minutes', 'popUpWindow:calendar/minutesForMeeting.jsp', 'library/submitMinutes.gif');
INSERT INTO navigation_menu_item (id, person_user, priority, menu, text, url, image) VALUES (58, NULL, 100, 4, 'topics', 'library/topic.jsp', 'library/topics.gif');
INSERT INTO navigation_menu_item (id, person_user, priority, menu, text, url, image) VALUES (59, NULL, 101, 4, 'all items', 'library/topicItems.jsp', 'library/topicItems.gif');
INSERT INTO navigation_menu_item (id, person_user, priority, menu, text, url, image) VALUES (65, NULL, 4, 1, 'drive', 'drive', 'drive/index.gif');
INSERT INTO navigation_menu_item (id, person_user, priority, menu, text, url, image) VALUES (60, NULL, 1, 5, 'check mail', 'mail/index.jsp?folderName=inbox', 'mail/checkMail.gif');
INSERT INTO navigation_menu_item (id, person_user, priority, menu, text, url, image) VALUES (61, NULL, 2, 5, 'compose', 'popUpWindow:mail/compose.action?width=550&height=540', 'mail/compose.gif');
INSERT INTO navigation_menu_item (id, person_user, priority, menu, text, url, image) VALUES (62, NULL, 3, 5, 'drafts', 'mail/index.jsp?folderName=drafts', 'mail/drafts.gif');
INSERT INTO navigation_menu_item (id, person_user, priority, menu, text, url, image) VALUES (63, NULL, 4, 5, 'sent folder', 'mail/index.jsp?folderName=sent', 'mail/sentMail.gif');
INSERT INTO navigation_menu_item (id, person_user, priority, menu, text, url, image) VALUES (64, NULL, 100, 5, 'trash', 'mail/index.jsp?folderName=trash', 'mail/trash.gif');


--
-- Data for TOC entry 57 (OID 19911)
-- Name: person; Type: TABLE DATA; Schema: public; Owner: postgres
--

INSERT INTO person (id, first_names, last_name, date_of_birth, company, person_group, file_as, salutation, job_title, created_by) VALUES (1, 'ivata', 'ivata', NULL, NULL, 7, 'ivata', NULL, NULL, 1);


--
-- Data for TOC entry 58 (OID 19916)
-- Name: person_employee; Type: TABLE DATA; Schema: public; Owner: postgres
--



--
-- Data for TOC entry 59 (OID 19922)
-- Name: person_group; Type: TABLE DATA; Schema: public; Owner: postgres
--

INSERT INTO person_group (id, name, head, parent, description, created_by) VALUES (0, 'groups', NULL, NULL, 'groups', 1);
update person_group set id=0;
INSERT INTO person_group (id, name, head, parent, description, created_by) VALUES (1, 'administrator', NULL, 2, 'Every user who is administrator belongs to this group.', 1);
INSERT INTO person_group (id, name, head, parent, description, created_by) VALUES (2, 'everyone', NULL, 0, 'Every user belongs to this group, contain other user groups', 1);
INSERT INTO person_group (id, name, head, parent, description, created_by) VALUES (3, 'private_user', NULL, 0, 'This group contain all private groups of each user', 1);
INSERT INTO person_group (id, name, head, parent, description, created_by) VALUES (4, 'address_book', NULL, 0, 'This group contain all private ABs and all public ABs', 1);
INSERT INTO person_group (id, name, head, parent, description, created_by) VALUES (5, 'private contacts', NULL, 4, 'This group contain all private address books for each user', 1);
INSERT INTO person_group (id, name, head, parent, description, created_by) VALUES (6, 'shared contacts', NULL, 4, 'This group contain all public address books', 1);
INSERT INTO person_group (id, name, head, parent, description, created_by) VALUES (7, 'public', NULL, 6, 'This is the addressbook everyone can see.', 1);
INSERT INTO person_group (id, name, head, parent, description, created_by) VALUES (500, 'ivata', NULL, 3, 'Admin private group.', 1);
INSERT INTO person_group (id, name, head, parent, description, created_by) VALUES (501, 'ivata', NULL, 5, 'Admin user private addresses.', 1);


--
-- Data for TOC entry 60 (OID 19927)
-- Name: person_group_member; Type: TABLE DATA; Schema: public; Owner: postgres
--

INSERT INTO person_group_member (person_user, person_group) VALUES (1, 1);
INSERT INTO person_group_member (person_user, person_group) VALUES (1, 2);
INSERT INTO person_group_member (person_user, person_group) VALUES (1, 500);


--
-- Data for TOC entry 61 (OID 19931)
-- Name: person_group_right; Type: TABLE DATA; Schema: public; Owner: postgres
--

INSERT INTO person_group_right (id, target_id, person_group, detail, access) VALUES (1, 1, 1, 3, 0);
INSERT INTO person_group_right (id, target_id, person_group, detail, access) VALUES (2, 1, 1, 3, 1);
INSERT INTO person_group_right (id, target_id, person_group, detail, access) VALUES (3, 1, 1, 3, 2);
INSERT INTO person_group_right (id, target_id, person_group, detail, access) VALUES (4, 1, 1, 3, 3);
INSERT INTO person_group_right (id, target_id, person_group, detail, access) VALUES (5, 1, 1, 2, 0);
INSERT INTO person_group_right (id, target_id, person_group, detail, access) VALUES (6, 1, 1, 2, 1);
INSERT INTO person_group_right (id, target_id, person_group, detail, access) VALUES (7, 1, 1, 2, 2);
INSERT INTO person_group_right (id, target_id, person_group, detail, access) VALUES (8, 1, 1, 2, 3);
INSERT INTO person_group_right (id, target_id, person_group, detail, access) VALUES (9, 2, 1, 3, 0);
INSERT INTO person_group_right (id, target_id, person_group, detail, access) VALUES (10, 2, 1, 3, 1);
INSERT INTO person_group_right (id, target_id, person_group, detail, access) VALUES (11, 2, 1, 3, 2);
INSERT INTO person_group_right (id, target_id, person_group, detail, access) VALUES (12, 2, 1, 3, 3);
INSERT INTO person_group_right (id, target_id, person_group, detail, access) VALUES (13, 2, 1, 2, 0);
INSERT INTO person_group_right (id, target_id, person_group, detail, access) VALUES (14, 2, 1, 2, 1);
INSERT INTO person_group_right (id, target_id, person_group, detail, access) VALUES (15, 2, 1, 2, 2);
INSERT INTO person_group_right (id, target_id, person_group, detail, access) VALUES (16, 2, 1, 2, 3);
INSERT INTO person_group_right (id, target_id, person_group, detail, access) VALUES (17, 3, 1, 3, 0);
INSERT INTO person_group_right (id, target_id, person_group, detail, access) VALUES (18, 3, 1, 3, 1);
INSERT INTO person_group_right (id, target_id, person_group, detail, access) VALUES (19, 3, 1, 3, 2);
INSERT INTO person_group_right (id, target_id, person_group, detail, access) VALUES (20, 3, 1, 3, 3);
INSERT INTO person_group_right (id, target_id, person_group, detail, access) VALUES (21, 3, 1, 2, 0);
INSERT INTO person_group_right (id, target_id, person_group, detail, access) VALUES (22, 3, 1, 2, 1);
INSERT INTO person_group_right (id, target_id, person_group, detail, access) VALUES (23, 3, 1, 2, 2);
INSERT INTO person_group_right (id, target_id, person_group, detail, access) VALUES (24, 3, 1, 2, 3);
INSERT INTO person_group_right (id, target_id, person_group, detail, access) VALUES (33, 4, 1, 3, 0);
INSERT INTO person_group_right (id, target_id, person_group, detail, access) VALUES (34, 4, 1, 3, 1);
INSERT INTO person_group_right (id, target_id, person_group, detail, access) VALUES (35, 4, 1, 3, 2);
INSERT INTO person_group_right (id, target_id, person_group, detail, access) VALUES (36, 4, 1, 3, 3);
INSERT INTO person_group_right (id, target_id, person_group, detail, access) VALUES (37, 4, 1, 2, 0);
INSERT INTO person_group_right (id, target_id, person_group, detail, access) VALUES (38, 4, 1, 2, 1);
INSERT INTO person_group_right (id, target_id, person_group, detail, access) VALUES (39, 4, 1, 2, 2);
INSERT INTO person_group_right (id, target_id, person_group, detail, access) VALUES (40, 4, 1, 2, 3);
INSERT INTO person_group_right (id, target_id, person_group, detail, access) VALUES (41, 5, 1, 3, 0);
INSERT INTO person_group_right (id, target_id, person_group, detail, access) VALUES (42, 5, 1, 3, 1);
INSERT INTO person_group_right (id, target_id, person_group, detail, access) VALUES (43, 5, 1, 3, 2);
INSERT INTO person_group_right (id, target_id, person_group, detail, access) VALUES (44, 5, 1, 3, 3);
INSERT INTO person_group_right (id, target_id, person_group, detail, access) VALUES (45, 5, 1, 2, 0);
INSERT INTO person_group_right (id, target_id, person_group, detail, access) VALUES (46, 5, 1, 2, 1);
INSERT INTO person_group_right (id, target_id, person_group, detail, access) VALUES (47, 5, 1, 2, 2);
INSERT INTO person_group_right (id, target_id, person_group, detail, access) VALUES (48, 5, 1, 2, 3);
INSERT INTO person_group_right (id, target_id, person_group, detail, access) VALUES (49, 6, 1, 3, 0);
INSERT INTO person_group_right (id, target_id, person_group, detail, access) VALUES (50, 6, 1, 3, 1);
INSERT INTO person_group_right (id, target_id, person_group, detail, access) VALUES (51, 6, 1, 3, 2);
INSERT INTO person_group_right (id, target_id, person_group, detail, access) VALUES (52, 6, 1, 3, 3);
INSERT INTO person_group_right (id, target_id, person_group, detail, access) VALUES (53, 6, 1, 2, 0);
INSERT INTO person_group_right (id, target_id, person_group, detail, access) VALUES (54, 6, 1, 2, 1);
INSERT INTO person_group_right (id, target_id, person_group, detail, access) VALUES (55, 6, 1, 2, 2);
INSERT INTO person_group_right (id, target_id, person_group, detail, access) VALUES (56, 6, 1, 2, 3);
INSERT INTO person_group_right (id, target_id, person_group, detail, access) VALUES (57, 7, 1, 3, 0);
INSERT INTO person_group_right (id, target_id, person_group, detail, access) VALUES (58, 7, 1, 3, 1);
INSERT INTO person_group_right (id, target_id, person_group, detail, access) VALUES (59, 7, 1, 3, 2);
INSERT INTO person_group_right (id, target_id, person_group, detail, access) VALUES (60, 7, 1, 3, 3);
INSERT INTO person_group_right (id, target_id, person_group, detail, access) VALUES (61, 7, 1, 2, 0);
INSERT INTO person_group_right (id, target_id, person_group, detail, access) VALUES (62, 7, 1, 2, 1);
INSERT INTO person_group_right (id, target_id, person_group, detail, access) VALUES (63, 7, 1, 2, 2);
INSERT INTO person_group_right (id, target_id, person_group, detail, access) VALUES (64, 7, 1, 2, 3);
INSERT INTO person_group_right (id, target_id, person_group, detail, access) VALUES (65, 8, 1, 3, 0);
INSERT INTO person_group_right (id, target_id, person_group, detail, access) VALUES (66, 8, 1, 3, 1);
INSERT INTO person_group_right (id, target_id, person_group, detail, access) VALUES (67, 8, 1, 3, 2);
INSERT INTO person_group_right (id, target_id, person_group, detail, access) VALUES (68, 8, 1, 3, 3);
INSERT INTO person_group_right (id, target_id, person_group, detail, access) VALUES (69, 8, 1, 2, 0);
INSERT INTO person_group_right (id, target_id, person_group, detail, access) VALUES (70, 8, 1, 2, 1);
INSERT INTO person_group_right (id, target_id, person_group, detail, access) VALUES (71, 8, 1, 2, 2);
INSERT INTO person_group_right (id, target_id, person_group, detail, access) VALUES (72, 8, 1, 2, 3);
INSERT INTO person_group_right (id, target_id, person_group, detail, access) VALUES (73, 9, 1, 3, 0);
INSERT INTO person_group_right (id, target_id, person_group, detail, access) VALUES (74, 9, 1, 3, 1);
INSERT INTO person_group_right (id, target_id, person_group, detail, access) VALUES (75, 9, 1, 3, 2);
INSERT INTO person_group_right (id, target_id, person_group, detail, access) VALUES (76, 9, 1, 3, 3);
INSERT INTO person_group_right (id, target_id, person_group, detail, access) VALUES (77, 9, 1, 2, 0);
INSERT INTO person_group_right (id, target_id, person_group, detail, access) VALUES (78, 9, 1, 2, 1);
INSERT INTO person_group_right (id, target_id, person_group, detail, access) VALUES (79, 9, 1, 2, 2);
INSERT INTO person_group_right (id, target_id, person_group, detail, access) VALUES (80, 9, 1, 2, 3);
INSERT INTO person_group_right (id, target_id, person_group, detail, access) VALUES (81, 10, 1, 3, 0);
INSERT INTO person_group_right (id, target_id, person_group, detail, access) VALUES (82, 10, 1, 3, 1);
INSERT INTO person_group_right (id, target_id, person_group, detail, access) VALUES (83, 10, 1, 3, 2);
INSERT INTO person_group_right (id, target_id, person_group, detail, access) VALUES (84, 10, 1, 3, 3);
INSERT INTO person_group_right (id, target_id, person_group, detail, access) VALUES (85, 10, 1, 2, 0);
INSERT INTO person_group_right (id, target_id, person_group, detail, access) VALUES (86, 10, 1, 2, 1);
INSERT INTO person_group_right (id, target_id, person_group, detail, access) VALUES (87, 10, 1, 2, 2);
INSERT INTO person_group_right (id, target_id, person_group, detail, access) VALUES (88, 10, 1, 2, 3);
INSERT INTO person_group_right (id, target_id, person_group, detail, access) VALUES (89, 11, 1, 3, 0);
INSERT INTO person_group_right (id, target_id, person_group, detail, access) VALUES (90, 11, 1, 3, 1);
INSERT INTO person_group_right (id, target_id, person_group, detail, access) VALUES (91, 11, 1, 3, 2);
INSERT INTO person_group_right (id, target_id, person_group, detail, access) VALUES (92, 11, 1, 3, 3);
INSERT INTO person_group_right (id, target_id, person_group, detail, access) VALUES (93, 11, 1, 2, 0);
INSERT INTO person_group_right (id, target_id, person_group, detail, access) VALUES (94, 11, 1, 2, 1);
INSERT INTO person_group_right (id, target_id, person_group, detail, access) VALUES (95, 11, 1, 2, 2);
INSERT INTO person_group_right (id, target_id, person_group, detail, access) VALUES (96, 11, 1, 2, 3);
INSERT INTO person_group_right (id, target_id, person_group, detail, access) VALUES (158, 12, 1, 3, 0);
INSERT INTO person_group_right (id, target_id, person_group, detail, access) VALUES (159, 12, 1, 3, 1);
INSERT INTO person_group_right (id, target_id, person_group, detail, access) VALUES (160, 12, 1, 3, 2);
INSERT INTO person_group_right (id, target_id, person_group, detail, access) VALUES (161, 12, 1, 3, 3);
INSERT INTO person_group_right (id, target_id, person_group, detail, access) VALUES (162, 12, 1, 2, 0);
INSERT INTO person_group_right (id, target_id, person_group, detail, access) VALUES (163, 12, 1, 2, 1);
INSERT INTO person_group_right (id, target_id, person_group, detail, access) VALUES (164, 12, 1, 2, 2);
INSERT INTO person_group_right (id, target_id, person_group, detail, access) VALUES (165, 12, 1, 2, 3);
INSERT INTO person_group_right (id, target_id, person_group, detail, access) VALUES (170, 1, 2, 3, 0);
INSERT INTO person_group_right (id, target_id, person_group, detail, access) VALUES (171, 1, 2, 2, 0);
INSERT INTO person_group_right (id, target_id, person_group, detail, access) VALUES (172, 1, 2, 2, 1);
INSERT INTO person_group_right (id, target_id, person_group, detail, access) VALUES (173, 1, 2, 2, 2);
INSERT INTO person_group_right (id, target_id, person_group, detail, access) VALUES (174, 1, 2, 2, 3);
INSERT INTO person_group_right (id, target_id, person_group, detail, access) VALUES (175, 2, 2, 3, 0);
INSERT INTO person_group_right (id, target_id, person_group, detail, access) VALUES (176, 2, 2, 2, 0);
INSERT INTO person_group_right (id, target_id, person_group, detail, access) VALUES (177, 2, 2, 2, 1);
INSERT INTO person_group_right (id, target_id, person_group, detail, access) VALUES (178, 2, 2, 2, 2);
INSERT INTO person_group_right (id, target_id, person_group, detail, access) VALUES (179, 2, 2, 2, 3);
INSERT INTO person_group_right (id, target_id, person_group, detail, access) VALUES (180, 3, 2, 3, 0);
INSERT INTO person_group_right (id, target_id, person_group, detail, access) VALUES (181, 3, 2, 2, 0);
INSERT INTO person_group_right (id, target_id, person_group, detail, access) VALUES (182, 3, 2, 2, 1);
INSERT INTO person_group_right (id, target_id, person_group, detail, access) VALUES (183, 3, 2, 2, 2);
INSERT INTO person_group_right (id, target_id, person_group, detail, access) VALUES (184, 3, 2, 2, 3);
INSERT INTO person_group_right (id, target_id, person_group, detail, access) VALUES (185, 4, 2, 3, 0);
INSERT INTO person_group_right (id, target_id, person_group, detail, access) VALUES (186, 4, 2, 2, 0);
INSERT INTO person_group_right (id, target_id, person_group, detail, access) VALUES (187, 4, 2, 2, 1);
INSERT INTO person_group_right (id, target_id, person_group, detail, access) VALUES (188, 4, 2, 2, 2);
INSERT INTO person_group_right (id, target_id, person_group, detail, access) VALUES (189, 4, 2, 2, 3);
INSERT INTO person_group_right (id, target_id, person_group, detail, access) VALUES (190, 5, 2, 3, 0);
INSERT INTO person_group_right (id, target_id, person_group, detail, access) VALUES (191, 5, 2, 2, 0);
INSERT INTO person_group_right (id, target_id, person_group, detail, access) VALUES (192, 5, 2, 2, 1);
INSERT INTO person_group_right (id, target_id, person_group, detail, access) VALUES (193, 5, 2, 2, 2);
INSERT INTO person_group_right (id, target_id, person_group, detail, access) VALUES (194, 5, 2, 2, 3);
INSERT INTO person_group_right (id, target_id, person_group, detail, access) VALUES (195, 6, 2, 3, 0);
INSERT INTO person_group_right (id, target_id, person_group, detail, access) VALUES (196, 6, 2, 2, 0);
INSERT INTO person_group_right (id, target_id, person_group, detail, access) VALUES (197, 6, 2, 2, 1);
INSERT INTO person_group_right (id, target_id, person_group, detail, access) VALUES (198, 6, 2, 2, 2);
INSERT INTO person_group_right (id, target_id, person_group, detail, access) VALUES (199, 6, 2, 2, 3);
INSERT INTO person_group_right (id, target_id, person_group, detail, access) VALUES (200, 7, 2, 3, 0);
INSERT INTO person_group_right (id, target_id, person_group, detail, access) VALUES (201, 7, 2, 2, 0);
INSERT INTO person_group_right (id, target_id, person_group, detail, access) VALUES (202, 7, 2, 2, 1);
INSERT INTO person_group_right (id, target_id, person_group, detail, access) VALUES (203, 7, 2, 2, 2);
INSERT INTO person_group_right (id, target_id, person_group, detail, access) VALUES (204, 7, 2, 2, 3);
INSERT INTO person_group_right (id, target_id, person_group, detail, access) VALUES (205, 8, 2, 3, 0);
INSERT INTO person_group_right (id, target_id, person_group, detail, access) VALUES (206, 8, 2, 2, 0);
INSERT INTO person_group_right (id, target_id, person_group, detail, access) VALUES (207, 8, 2, 2, 1);
INSERT INTO person_group_right (id, target_id, person_group, detail, access) VALUES (208, 8, 2, 2, 2);
INSERT INTO person_group_right (id, target_id, person_group, detail, access) VALUES (209, 8, 2, 2, 3);
INSERT INTO person_group_right (id, target_id, person_group, detail, access) VALUES (210, 9, 2, 3, 0);
INSERT INTO person_group_right (id, target_id, person_group, detail, access) VALUES (211, 9, 2, 2, 0);
INSERT INTO person_group_right (id, target_id, person_group, detail, access) VALUES (212, 9, 2, 2, 1);
INSERT INTO person_group_right (id, target_id, person_group, detail, access) VALUES (213, 9, 2, 2, 2);
INSERT INTO person_group_right (id, target_id, person_group, detail, access) VALUES (214, 9, 2, 2, 3);
INSERT INTO person_group_right (id, target_id, person_group, detail, access) VALUES (215, 10, 2, 3, 0);
INSERT INTO person_group_right (id, target_id, person_group, detail, access) VALUES (216, 10, 2, 2, 0);
INSERT INTO person_group_right (id, target_id, person_group, detail, access) VALUES (217, 10, 2, 2, 1);
INSERT INTO person_group_right (id, target_id, person_group, detail, access) VALUES (218, 10, 2, 2, 2);
INSERT INTO person_group_right (id, target_id, person_group, detail, access) VALUES (219, 10, 2, 2, 3);
INSERT INTO person_group_right (id, target_id, person_group, detail, access) VALUES (220, 11, 2, 3, 0);
INSERT INTO person_group_right (id, target_id, person_group, detail, access) VALUES (221, 11, 2, 2, 0);
INSERT INTO person_group_right (id, target_id, person_group, detail, access) VALUES (222, 11, 2, 2, 1);
INSERT INTO person_group_right (id, target_id, person_group, detail, access) VALUES (223, 11, 2, 2, 2);
INSERT INTO person_group_right (id, target_id, person_group, detail, access) VALUES (224, 11, 2, 2, 3);
INSERT INTO person_group_right (id, target_id, person_group, detail, access) VALUES (225, 12, 2, 3, 0);
INSERT INTO person_group_right (id, target_id, person_group, detail, access) VALUES (226, 12, 2, 2, 0);
INSERT INTO person_group_right (id, target_id, person_group, detail, access) VALUES (227, 12, 2, 2, 1);
INSERT INTO person_group_right (id, target_id, person_group, detail, access) VALUES (228, 12, 2, 2, 2);
INSERT INTO person_group_right (id, target_id, person_group, detail, access) VALUES (229, 12, 2, 2, 3);
INSERT INTO person_group_right (id, target_id, person_group, detail, access) VALUES (97, 1, 1, 1, 0);
INSERT INTO person_group_right (id, target_id, person_group, detail, access) VALUES (98, 1, 1, 1, 1);
INSERT INTO person_group_right (id, target_id, person_group, detail, access) VALUES (99, 1, 1, 1, 2);
INSERT INTO person_group_right (id, target_id, person_group, detail, access) VALUES (100, 1, 1, 1, 3);
INSERT INTO person_group_right (id, target_id, person_group, detail, access) VALUES (105, 2, 1, 1, 0);
INSERT INTO person_group_right (id, target_id, person_group, detail, access) VALUES (106, 2, 1, 1, 1);
INSERT INTO person_group_right (id, target_id, person_group, detail, access) VALUES (107, 2, 1, 1, 2);
INSERT INTO person_group_right (id, target_id, person_group, detail, access) VALUES (108, 2, 1, 1, 3);
INSERT INTO person_group_right (id, target_id, person_group, detail, access) VALUES (258, 2, 2, 1, 0);
INSERT INTO person_group_right (id, target_id, person_group, detail, access) VALUES (259, 1, 2, 1, 0);
INSERT INTO person_group_right (id, target_id, person_group, detail, access) VALUES (300, 7, 2, 1, 0);
INSERT INTO person_group_right (id, target_id, person_group, detail, access) VALUES (301, 7, 2, 1, 1);
INSERT INTO person_group_right (id, target_id, person_group, detail, access) VALUES (302, 7, 2, 1, 2);
INSERT INTO person_group_right (id, target_id, person_group, detail, access) VALUES (303, 7, 2, 1, 3);
INSERT INTO person_group_right (id, target_id, person_group, detail, access) VALUES (304, 7, 1, 1, 0);
INSERT INTO person_group_right (id, target_id, person_group, detail, access) VALUES (305, 7, 1, 1, 1);
INSERT INTO person_group_right (id, target_id, person_group, detail, access) VALUES (306, 7, 1, 1, 2);
INSERT INTO person_group_right (id, target_id, person_group, detail, access) VALUES (307, 7, 1, 1, 3);
INSERT INTO person_group_right (id, target_id, person_group, detail, access) VALUES (254, 501, 500, 1, 0);
INSERT INTO person_group_right (id, target_id, person_group, detail, access) VALUES (255, 501, 500, 1, 1);
INSERT INTO person_group_right (id, target_id, person_group, detail, access) VALUES (256, 501, 500, 1, 2);
INSERT INTO person_group_right (id, target_id, person_group, detail, access) VALUES (257, 501, 500, 1, 3);
INSERT INTO person_group_right (id, target_id, person_group, detail, access) VALUES (109, NULL, 1, 6, 2);
INSERT INTO person_group_right (id, target_id, person_group, detail, access) VALUES (114, 1, 1, 4, 0);
INSERT INTO person_group_right (id, target_id, person_group, detail, access) VALUES (115, 1, 1, 4, 1);
INSERT INTO person_group_right (id, target_id, person_group, detail, access) VALUES (116, 1, 1, 4, 2);
INSERT INTO person_group_right (id, target_id, person_group, detail, access) VALUES (117, 1, 1, 4, 3);
INSERT INTO person_group_right (id, target_id, person_group, detail, access) VALUES (118, 2, 1, 4, 0);
INSERT INTO person_group_right (id, target_id, person_group, detail, access) VALUES (119, 2, 1, 4, 1);
INSERT INTO person_group_right (id, target_id, person_group, detail, access) VALUES (120, 2, 1, 4, 2);
INSERT INTO person_group_right (id, target_id, person_group, detail, access) VALUES (121, 2, 1, 4, 3);
INSERT INTO person_group_right (id, target_id, person_group, detail, access) VALUES (122, 3, 1, 4, 0);
INSERT INTO person_group_right (id, target_id, person_group, detail, access) VALUES (123, 3, 1, 4, 1);
INSERT INTO person_group_right (id, target_id, person_group, detail, access) VALUES (124, 3, 1, 4, 2);
INSERT INTO person_group_right (id, target_id, person_group, detail, access) VALUES (125, 3, 1, 4, 3);
INSERT INTO person_group_right (id, target_id, person_group, detail, access) VALUES (126, 4, 1, 4, 0);
INSERT INTO person_group_right (id, target_id, person_group, detail, access) VALUES (127, 4, 1, 4, 1);
INSERT INTO person_group_right (id, target_id, person_group, detail, access) VALUES (128, 4, 1, 4, 2);
INSERT INTO person_group_right (id, target_id, person_group, detail, access) VALUES (129, 4, 1, 4, 3);
INSERT INTO person_group_right (id, target_id, person_group, detail, access) VALUES (130, 5, 1, 4, 0);
INSERT INTO person_group_right (id, target_id, person_group, detail, access) VALUES (131, 5, 1, 4, 1);
INSERT INTO person_group_right (id, target_id, person_group, detail, access) VALUES (132, 5, 1, 4, 2);
INSERT INTO person_group_right (id, target_id, person_group, detail, access) VALUES (133, 5, 1, 4, 3);
INSERT INTO person_group_right (id, target_id, person_group, detail, access) VALUES (134, 6, 1, 4, 0);
INSERT INTO person_group_right (id, target_id, person_group, detail, access) VALUES (135, 6, 1, 4, 1);
INSERT INTO person_group_right (id, target_id, person_group, detail, access) VALUES (136, 6, 1, 4, 2);
INSERT INTO person_group_right (id, target_id, person_group, detail, access) VALUES (137, 6, 1, 4, 3);
INSERT INTO person_group_right (id, target_id, person_group, detail, access) VALUES (138, 7, 1, 4, 0);
INSERT INTO person_group_right (id, target_id, person_group, detail, access) VALUES (139, 7, 1, 4, 1);
INSERT INTO person_group_right (id, target_id, person_group, detail, access) VALUES (140, 7, 1, 4, 2);
INSERT INTO person_group_right (id, target_id, person_group, detail, access) VALUES (141, 7, 1, 4, 3);
INSERT INTO person_group_right (id, target_id, person_group, detail, access) VALUES (142, 8, 1, 4, 0);
INSERT INTO person_group_right (id, target_id, person_group, detail, access) VALUES (143, 8, 1, 4, 1);
INSERT INTO person_group_right (id, target_id, person_group, detail, access) VALUES (144, 8, 1, 4, 2);
INSERT INTO person_group_right (id, target_id, person_group, detail, access) VALUES (145, 8, 1, 4, 3);
INSERT INTO person_group_right (id, target_id, person_group, detail, access) VALUES (146, 9, 1, 4, 0);
INSERT INTO person_group_right (id, target_id, person_group, detail, access) VALUES (147, 9, 1, 4, 1);
INSERT INTO person_group_right (id, target_id, person_group, detail, access) VALUES (148, 9, 1, 4, 2);
INSERT INTO person_group_right (id, target_id, person_group, detail, access) VALUES (149, 9, 1, 4, 3);
INSERT INTO person_group_right (id, target_id, person_group, detail, access) VALUES (150, 10, 1, 4, 0);
INSERT INTO person_group_right (id, target_id, person_group, detail, access) VALUES (151, 10, 1, 4, 1);
INSERT INTO person_group_right (id, target_id, person_group, detail, access) VALUES (152, 10, 1, 4, 2);
INSERT INTO person_group_right (id, target_id, person_group, detail, access) VALUES (153, 10, 1, 4, 3);
INSERT INTO person_group_right (id, target_id, person_group, detail, access) VALUES (154, 11, 1, 4, 0);
INSERT INTO person_group_right (id, target_id, person_group, detail, access) VALUES (155, 11, 1, 4, 1);
INSERT INTO person_group_right (id, target_id, person_group, detail, access) VALUES (156, 11, 1, 4, 2);
INSERT INTO person_group_right (id, target_id, person_group, detail, access) VALUES (157, 11, 1, 4, 3);
INSERT INTO person_group_right (id, target_id, person_group, detail, access) VALUES (166, 12, 1, 4, 0);
INSERT INTO person_group_right (id, target_id, person_group, detail, access) VALUES (167, 12, 1, 4, 1);
INSERT INTO person_group_right (id, target_id, person_group, detail, access) VALUES (168, 12, 1, 4, 2);
INSERT INTO person_group_right (id, target_id, person_group, detail, access) VALUES (169, 12, 1, 4, 3);
INSERT INTO person_group_right (id, target_id, person_group, detail, access) VALUES (260, 0, 1, 8, 0);
INSERT INTO person_group_right (id, target_id, person_group, detail, access) VALUES (261, 0, 1, 8, 1);
INSERT INTO person_group_right (id, target_id, person_group, detail, access) VALUES (262, 0, 1, 8, 2);
INSERT INTO person_group_right (id, target_id, person_group, detail, access) VALUES (263, 0, 1, 8, 3);
INSERT INTO person_group_right (id, target_id, person_group, detail, access) VALUES (264, 0, 2, 8, 0);
INSERT INTO person_group_right (id, target_id, person_group, detail, access) VALUES (265, 0, 2, 8, 1);
INSERT INTO person_group_right (id, target_id, person_group, detail, access) VALUES (266, 0, 2, 8, 2);
INSERT INTO person_group_right (id, target_id, person_group, detail, access) VALUES (267, 0, 2, 8, 3);
INSERT INTO person_group_right (id, target_id, person_group, detail, access) VALUES (268, 1, 1, 8, 0);
INSERT INTO person_group_right (id, target_id, person_group, detail, access) VALUES (269, 1, 1, 8, 1);
INSERT INTO person_group_right (id, target_id, person_group, detail, access) VALUES (270, 1, 1, 8, 2);
INSERT INTO person_group_right (id, target_id, person_group, detail, access) VALUES (271, 1, 1, 8, 3);
INSERT INTO person_group_right (id, target_id, person_group, detail, access) VALUES (272, 1, 2, 8, 0);
INSERT INTO person_group_right (id, target_id, person_group, detail, access) VALUES (273, 1, 2, 8, 1);
INSERT INTO person_group_right (id, target_id, person_group, detail, access) VALUES (274, 1, 2, 8, 2);
INSERT INTO person_group_right (id, target_id, person_group, detail, access) VALUES (275, 1, 2, 8, 3);
INSERT INTO person_group_right (id, target_id, person_group, detail, access) VALUES (276, 2, 1, 8, 0);
INSERT INTO person_group_right (id, target_id, person_group, detail, access) VALUES (277, 2, 1, 8, 1);
INSERT INTO person_group_right (id, target_id, person_group, detail, access) VALUES (278, 2, 1, 8, 2);
INSERT INTO person_group_right (id, target_id, person_group, detail, access) VALUES (279, 2, 1, 8, 3);
INSERT INTO person_group_right (id, target_id, person_group, detail, access) VALUES (280, 2, 2, 8, 0);
INSERT INTO person_group_right (id, target_id, person_group, detail, access) VALUES (281, 2, 2, 8, 1);
INSERT INTO person_group_right (id, target_id, person_group, detail, access) VALUES (282, 2, 2, 8, 2);
INSERT INTO person_group_right (id, target_id, person_group, detail, access) VALUES (283, 2, 2, 8, 3);


--
-- Data for TOC entry 62 (OID 19936)
-- Name: person_group_right_detail; Type: TABLE DATA; Schema: public; Owner: postgres
--

INSERT INTO person_group_right_detail (id, name, description) VALUES (1, 'PERSON_GROUP_MEMBER                     ', 'view, amend, add or delete group memberships. This applies both to people within groups and groups within groups.');
INSERT INTO person_group_right_detail (id, name, description) VALUES (2, 'LIBRARY_ITEM_TOPIC                      ', 'view, amend, add or delete library items on the basis of their topic.');
INSERT INTO person_group_right_detail (id, name, description) VALUES (3, 'LIBRARY_TOPIC                           ', 'add, ammend or view topics');
INSERT INTO person_group_right_detail (id, name, description) VALUES (4, 'LIBRARY_COMMENT_TOPIC                   ', 'add amend or remove comments, based on the topic of their items');
INSERT INTO person_group_right_detail (id, name, description) VALUES (5, 'SETTING_USER                            ', 'amend user setting');
INSERT INTO person_group_right_detail (id, name, description) VALUES (6, 'SETTING_SYSTEM                          ', 'amend system setting');
INSERT INTO person_group_right_detail (id, name, description) VALUES (8, 'DIRECTORY                               ', 'view, amend, remove and add to directories');


--
-- Data for TOC entry 63 (OID 19944)
-- Name: person_user; Type: TABLE DATA; Schema: public; Owner: postgres
--

INSERT INTO person_user (id, name, password, enable, deleted) VALUES (1, 'ivata', NULL, 1, 0);


--
-- Data for TOC entry 64 (OID 19949)
-- Name: public_holiday; Type: TABLE DATA; Schema: public; Owner: postgres
--



--
-- Data for TOC entry 65 (OID 19954)
-- Name: search_index; Type: TABLE DATA; Schema: public; Owner: postgres
--

--
-- Data for TOC entry 68 (OID 19969)
-- Name: setting; Type: TABLE DATA; Schema: public; Owner: postgres
--

INSERT INTO setting (id, name, value, type, person_user, description, enable) VALUES (1, 'calendarDefaultView', '0', 0, NULL, 'number of the default view to show in the calendar (defined in IndexFormConstants)', 1);
INSERT INTO setting (id, name, value, type, person_user, description, enable) VALUES (102, 'calendarFinishHour', '18', 0, NULL, 'finish hour of views in calendar', 1);
INSERT INTO setting (id, name, value, type, person_user, description, enable) VALUES (2, 'calendarFirstWeekDay', '1', 0, NULL, '0 for sunday, 1 for monday', 1);
INSERT INTO setting (id, name, value, type, person_user, description, enable) VALUES (3, 'calendarStartHour', '7', 0, NULL, 'start hour of views in calendar', 1);
INSERT INTO setting (id, name, value, type, person_user, description, enable) VALUES (4, 'demoVersion', 'false', 2, NULL, 'if this application is demo', 1);
INSERT INTO setting (id, name, value, type, person_user, description, enable) VALUES (5, 'emailAttachmentSizeLimit', '1500', 0, NULL, 'The maximum size of an attachment in kB', 1);
INSERT INTO setting (id, name, value, type, person_user, description, enable) VALUES (6, 'emailAuthentication', 'false', 2, NULL, 'use email host to authenticate if true; otherwise use database', 1);
INSERT INTO setting (id, name, value, type, person_user, description, enable) VALUES (7, 'emailDebug', 'true', 2, NULL, 'provide debug information on logging in', 1);
INSERT INTO setting (id, name, value, type, person_user, description, enable) VALUES (8, 'emailDefaultFormat', '0', 0, NULL, 'Constant format as defined in ...jsp.format.FormatConstants', 1);
INSERT INTO setting (id, name, value, type, person_user, description, enable) VALUES (9, 'emailEnable', 'true', 2, NULL, 'Setting this to false will disable sending mails completely.', 1);
INSERT INTO setting (id, name, value, type, person_user, description, enable) VALUES (10, 'emailFolderDrafts', 'drafts', 1, NULL, 'this mail folder will store the precomposed messages, drafts', 0);
INSERT INTO setting (id, name, value, type, person_user, description, enable) VALUES (11, 'emailFolderInbox', 'Inbox', 1, NULL, 'The name of inbox folder', 0);
INSERT INTO setting (id, name, value, type, person_user, description, enable) VALUES (12, 'emailFolderSent', 'sent', 1, NULL, 'folder for storing sented mails', 0);
INSERT INTO setting (id, name, value, type, person_user, description, enable) VALUES (13, 'emailFolderTrash', 'Trash', 1, NULL, 'The name of trash folder', 0);
INSERT INTO setting (id, name, value, type, person_user, description, enable) VALUES (14, 'emailHeaderForwardHtml', '


 <table cellpadding=''5'' cellspacing=''0'' border=''0''>
 <tr><td bgcolor=''#cccccc'' colspan=''2''><div align=''center''>-----Forwarded Message-----</div></td></tr>
  <tr><td bgcolor=''#cccccc''>From:</td><td>{0}</tr>
  <tr><td bgcolor=''#cccccc''>To:</td><td>{1}</tr>
  <tr><td bgcolor=''#cccccc''>Subject:</td><td>{2}</tr>
  <tr><td bgcolor=''#cccccc''>Date:</td><td>{3}</tr>
  </table><br/>
', 1, NULL, 'Header applied to forwarded emails in HTML format. Use {0} for the sender(s), {1} for the recipients (to, not cc/bcc), {2} for the message subject, {3} for the sent date.', 1);
INSERT INTO setting (id, name, value, type, person_user, description, enable) VALUES (15, 'emailHeaderForwardText', '


-----Forwarded Message-----
 From: {0}
 To: {1}
 Subject: {2}
 Date: {3}
', 1, NULL, 'Header applied to forwarded emails. Use {0} for the sender(s), {1} for the recipients (to, not cc/bcc), {2} for the message subject, {3} for the sent date.', 1);
INSERT INTO setting (id, name, value, type, person_user, description, enable) VALUES (16, 'emailHeaderReplyHtml', '


On {3}, {0} wrote:<br/>
', 1, NULL, 'Header applied to replied emails in HTML format. Use {0} for the sender(s), {1} for the recipients (to, not cc/bcc), {2} for the message subject, {3} for the sent date.', 1);
INSERT INTO setting (id, name, value, type, person_user, description, enable) VALUES (17, 'emailHeaderReplyText', '


On {3}, {0} wrote:

', 1, NULL, 'Header applied to forwarded emails. Use {0} for the sender(s), {1} for the recipients (to, not cc/bcc), {2} for the message subject, {3} for the sent date.', 1);
INSERT INTO setting (id, name, value, type, person_user, description, enable) VALUES (18, 'emailHost', 'localhost', 1, NULL, 'name/ip address of the mail server', 0);
INSERT INTO setting (id, name, value, type, person_user, description, enable) VALUES (19, 'emailHostSmtp', 'localhost', 1, NULL, 'the host to use for sending emails', 0);
INSERT INTO setting (id, name, value, type, person_user, description, enable) VALUES (20, 'emailLibrary', 'webmaster@localhost', 1, NULL, 'this is the special user on the email system who will recieve all replies to notifications about library submissions.', 1);
INSERT INTO setting (id, name, value, type, person_user, description, enable) VALUES (21, 'emailLibraryPassword', 'library', 1, NULL, 'password to log in as the library user', 1);
INSERT INTO setting (id, name, value, type, person_user, description, enable) VALUES (22, 'emailLibraryUser', 'library', 1, NULL, 'username for replies to the library system', 1);
INSERT INTO setting (id, name, value, type, person_user, description, enable) VALUES (23, 'emailPersonalNamespace', 'INBOX', 1, NULL, 'Some IMAP servers (read: courier) provide shared and personal namespaces. If specified (not empty), this is this the name of the namespace to use for personal folders. Drafts, sent and trash will all be created in this folder. The inbox depends on the setting emailInboxPath, which is taken to be an absolute path from the store.', 1);
INSERT INTO setting (id, name, value, type, person_user, description, enable) VALUES (24, 'emailPort', '143', 0, NULL, 'email port used to connect', 0);
INSERT INTO setting (id, name, value, type, person_user, description, enable) VALUES (25, 'emailReplyIndent', '>', 1, NULL, 'The character(s) to prepend to each line of forward or reply emails', 1);
INSERT INTO setting (id, name, value, type, person_user, description, enable) VALUES (26, 'emailScriptServerEnvironment', 'SUDO_USER=root
SUDO_PATH=/usr/local/ivatagroupware/mailServer/exim
SITE_ID=www', 1, NULL, 'this contains all environment variables for the script mail server. there should be combinations of name=value pairs, seperated by the new line character ( n)', 1);
INSERT INTO setting (id, name, value, type, person_user, description, enable) VALUES (27, 'emailSignatureForward', 'true', 2, NULL, 'If true, appends signatures to forwarded emails.', 1);
INSERT INTO setting (id, name, value, type, person_user, description, enable) VALUES (28, 'emailSignatureHtml', '<BR/><HR/><P>Composed using ivata groupware - team communication software.<br/>Visit <A HREF=''http://www.ivata.com''>www.ivata.com</A> for details', 1, NULL, 'The text to automatically appear at the foot of composed emails (HTML format).', 1);
INSERT INTO setting (id, name, value, type, person_user, description, enable) VALUES (29, 'emailSignatureReply', 'true', 2, NULL, 'If true, appends signatures to replies.', 1);
INSERT INTO setting (id, name, value, type, person_user, description, enable) VALUES (30, 'emailSignatureText', '__________________________________________________
composed using ivata groupware - team communication
software. Visit http://www.ivata.com for details.', 1, NULL, 'The text to automatically appear at the foot of composed emails. (Text Format).', 1);
INSERT INTO setting (id, name, value, type, person_user, description, enable) VALUES (31, 'emailSubjectForwardPrefix', 'Fwd: ', 1, NULL, 'This string is prepended to the subject lines of forwarded messages.', 1);
INSERT INTO setting (id, name, value, type, person_user, description, enable) VALUES (32, 'emailSubjectForwardSeperator', '; ', 1, NULL, 'This string seperates multiple forwarded emails.', 1);
INSERT INTO setting (id, name, value, type, person_user, description, enable) VALUES (33, 'emailSubjectReplyPrefix', 'Re: ', 1, NULL, 'This string is prepended to the subject lines of replied to messages.', 1);
INSERT INTO setting (id, name, value, type, person_user, description, enable) VALUES (34, 'emailTitle', 'ivata mail', 1, NULL, 'title used in the email windows', 1);
INSERT INTO setting (id, name, value, type, person_user, description, enable) VALUES (35, 'fileFolderTemporary', '/tmp', 1, NULL, 'all the temporary files and directories will be stored here', 1);
INSERT INTO setting (id, name, value, type, person_user, description, enable) VALUES (36, 'fileMaxSize', '524288000', 0, NULL, 'maximum file upload size', 1);
INSERT INTO setting (id, name, value, type, person_user, description, enable) VALUES (37, 'groupAdministrator', '1', 0, NULL, 'administrator group = complete access over entire system', 1);
INSERT INTO setting (id, name, value, type, person_user, description, enable) VALUES (38, 'guiButtonSpacer', '10', 0, NULL, 'This is the space between button groups under each window', 1);
INSERT INTO setting (id, name, value, type, person_user, description, enable) VALUES (39, 'guiMenuCharWidth', '10', 0, NULL, 'width allowed for each character in menues', 1);
INSERT INTO setting (id, name, value, type, person_user, description, enable) VALUES (40, 'guiMenuItemHeight', '25', 0, NULL, 'height allowed for each menu item', 1);
INSERT INTO setting (id, name, value, type, person_user, description, enable) VALUES (41, 'guiMenuItemOffset', '10', 0, NULL, 'offset before all the menu items to try to fix MSIE', 1);
INSERT INTO setting (id, name, value, type, person_user, description, enable) VALUES (42, 'guiMinimumTextareaHeight', '80', 0, NULL, 'Setting this to the minimum size allowed for textarea fields.', 1);
INSERT INTO setting (id, name, value, type, person_user, description, enable) VALUES (43, 'guiShortcutPause', '500', 0, NULL, 'How long to wait between move over events, for dynamic shortcuts.', 1);
INSERT INTO setting (id, name, value, type, person_user, description, enable) VALUES (44, 'guiShortcutStyle', '2', 0, NULL, 'Dictates how the shortcut menues (on the left hand side) behave.', 1);
INSERT INTO setting (id, name, value, type, person_user, description, enable) VALUES (45, 'guiToolBarSpacerWidth', '20', 0, NULL, 'width of a spacer in the toolbar', 1);
INSERT INTO setting (id, name, value, type, person_user, description, enable) VALUES (46, 'i18nDateInput', 'yyyy-M-d', 1, NULL, 'This is the input mask for entering dates', 1);
INSERT INTO setting (id, name, value, type, person_user, description, enable) VALUES (47, 'i18nDateInputDisplay', 'yyyy-MM-dd', 1, NULL, 'The format of the dates after the user entered them to a date field.', 1);
INSERT INTO setting (id, name, value, type, person_user, description, enable) VALUES (48, 'i18nDateLastWeekDay', '''last'' EEEE', 1, NULL, 'this is the SimpleDateFormat text used for relative dates when the date compared comes on the previous week of the current date', 1);
INSERT INTO setting (id, name, value, type, person_user, description, enable) VALUES (49, 'i18nDateLong', 'd MMMM', 1, NULL, 'this is the long SimpleDateFormat text used for long dates which need not show the year', 1);
INSERT INTO setting (id, name, value, type, person_user, description, enable) VALUES (50, 'i18nDateLongDay', 'EEEE, d MMMM', 1, NULL, 'this is a long SimpleDateFormat test used for long dates which need to show the working day', 1);
INSERT INTO setting (id, name, value, type, person_user, description, enable) VALUES (51, 'i18nDateLongYear', 'd MMMM yyyy', 1, NULL, 'this is the long SimpleDateFormat text used for long dates which need to show the year', 1);
INSERT INTO setting (id, name, value, type, person_user, description, enable) VALUES (52, 'i18nDateShort', 'd MMM', 1, NULL, 'this is the short date SimpleDateFormat text used, just containing numbers', 1);
INSERT INTO setting (id, name, value, type, person_user, description, enable) VALUES (53, 'i18nDateShortToday', '''Today''', 1, NULL, 'date to use in short relative date format for today.', 1);
INSERT INTO setting (id, name, value, type, person_user, description, enable) VALUES (54, 'i18nDateShortYear', 'yyyy-MM-dd', 1, NULL, 'this is the short date SimpleDateFormat text used, just containing numbers', 1);
INSERT INTO setting (id, name, value, type, person_user, description, enable) VALUES (55, 'i18nDateShortYesterday', '''Yesterday''', 1, NULL, 'date to use in short relative date format for yesterday.', 1);
INSERT INTO setting (id, name, value, type, person_user, description, enable) VALUES (56, 'i18nDateThisAfternoon', '''This afternoon''', 1, NULL, 'this is the SimpleDateFormat text used for relative dates when the date compared comes on the afternoon of the current date', 1);
INSERT INTO setting (id, name, value, type, person_user, description, enable) VALUES (57, 'i18nDateThisEvening', '''This evening''', 1, NULL, 'this is the SimpleDateFormat text used for relative dates when the date compared comes on the eveing of the current date', 1);
INSERT INTO setting (id, name, value, type, person_user, description, enable) VALUES (58, 'i18nDateThisMorning', '''This morning''', 1, NULL, 'this is the SimpleDateFormat text used for relative dates when the date compared comes on the morning of the current date', 1);
INSERT INTO setting (id, name, value, type, person_user, description, enable) VALUES (59, 'i18nDateWeekDay', 'EEEE', 1, NULL, 'this is the SimpleDateFormat text used for relative dates when the date compared comes on the week of the current date', 1);
INSERT INTO setting (id, name, value, type, person_user, description, enable) VALUES (60, 'i18nDateYesterdayAfternoon', '''Yesterday afternoon''', 1, NULL, 'this is the SimpleDateFormat text used for relative dates when the date compared comes on the afernoon of the day before the current date', 1);
INSERT INTO setting (id, name, value, type, person_user, description, enable) VALUES (61, 'i18nDateYesterdayEvening', '''Last night''', 1, NULL, 'this is the SimpleDateFormat text used for relative dates when the date compared comes on the evening of the day before the current date', 1);
INSERT INTO setting (id, name, value, type, person_user, description, enable) VALUES (62, 'i18nDateYesterdayMorning', '''Yesterday morning''', 1, NULL, 'this is the SimpleDateFormat text used for relative dates when the date compared comes on the morning of the day before the current date', 1);
INSERT INTO setting (id, name, value, type, person_user, description, enable) VALUES (63, 'i18nEncoding', 'utf-8', 1, NULL, 'character set encoding used', 1);
INSERT INTO setting (id, name, value, type, person_user, description, enable) VALUES (64, 'i18nLanguage', 'en', 1, NULL, 'language to be used throughout the system. currently, this feature is not used.', 1);
INSERT INTO setting (id, name, value, type, person_user, description, enable) VALUES (65, 'i18nLocaleCountry', 'us', 1, NULL, 'locale country code (see http://www.chemie.fu-berlin.de/diverse/doc/ISO_3166.html)', 1);
INSERT INTO setting (id, name, value, type, person_user, description, enable) VALUES (66, 'i18nLocaleLanguage', 'en', 1, NULL, 'locale language code (see http://www.ics.uci.edu/pub/ietf/http/related/iso639.txt)', 1);
INSERT INTO setting (id, name, value, type, person_user, description, enable) VALUES (67, 'i18nTimeInput', 'H:m', 1, NULL, 'The format of the time input.', 1);
INSERT INTO setting (id, name, value, type, person_user, description, enable) VALUES (68, 'i18nTimeInputDisplay', 'HH:mm', 1, NULL, 'The format of time displayed in a time input field after the user entered it.', 1);
INSERT INTO setting (id, name, value, type, person_user, description, enable) VALUES (69, 'i18nTimeLong', 'h:mm:ss a', 1, NULL, 'this is the long time SimpleDateFormat text including seconds', 1);
INSERT INTO setting (id, name, value, type, person_user, description, enable) VALUES (70, 'i18nTimeShort', 'h:mm a', 1, NULL, 'this is the short time SimpleDateFormat text without seconds', 1);
INSERT INTO setting (id, name, value, type, person_user, description, enable) VALUES (71, 'i18nTimeZone', 'Europe/London', 1, NULL, 'Current timezone used to display times and dates.', 1);
INSERT INTO setting (id, name, value, type, person_user, description, enable) VALUES (73, 'libraryCommentLength', '3000', 0, NULL, 'number of bytes shown under article b4 its cut short with a full view link', 1);
INSERT INTO setting (id, name, value, type, person_user, description, enable) VALUES (74, 'libraryCommentSpacer', '30', 0, NULL, 'the number of pixels to indent each level of the library comment tree', 1);
INSERT INTO setting (id, name, value, type, person_user, description, enable) VALUES (75, 'libraryHome', '5', 0, NULL, 'number of articles to show on the homepage', 1);
INSERT INTO setting (id, name, value, type, person_user, description, enable) VALUES (76, 'libraryNotificationContentComment', '<p><i>To {1}: </i>{0} has replied to your comment:<br/><i>New Comment:</i><br/><b>{4}</b><br/>{5}<br/><br/><i>Original comment:</i><br/><b>{2}</b><br/>{3}</p>', 1, NULL, 'this is the string surrounding the notification for a comment. Use {0} for the user name of the original comment author, {1} for the author of the new comment, {2} for the title of the original comment, {3} for the content of the original comment, {4} for the comment subject, {5} for the (HTMLified) text of the comment and {6} for the comment url.', 1);
INSERT INTO setting (id, name, value, type, person_user, description, enable) VALUES (77, 'libraryNotificationContentCommentAmend', '<p><i>to {1}: </i>{0} has amended the reply to your comment: <br/><i>Amened Reply:</i><br/><b>{4}</b><br/>{5}<br/><br/><i>as Reply To:</i><br/><b>{2}</b><br/>{3}</p>', 1, NULL, '1', 1);
INSERT INTO setting (id, name, value, type, person_user, description, enable) VALUES (78, 'libraryNotificationContentCommentAmendStrange', '<p><i>to {1}: </i>{0} has amended your comment entitled <b>{2}</b>.</p>', 1, NULL, 'this used when user did change not his comment', 1);
INSERT INTO setting (id, name, value, type, person_user, description, enable) VALUES (79, 'libraryNotificationContentItem', '<p>{0} has written a new library item entitled <b>{1}</b>:<br/>{2}</p>', 1, NULL, 'this is the string surrounding notification of a new library item. Use {0} for the user name of the new item author, {1} for the item title, {2} for the item summary and {3} for the item url.', 1);
INSERT INTO setting (id, name, value, type, person_user, description, enable) VALUES (80, 'libraryNotificationContentItemAmend', '<p>{0} has amended the library item entitled <b>{1}</b>:<br/>{2}</p>', 1, NULL, 'this is the string surrounding notification of an amended library item. Use {0} for the user name of the new item author, {1} for the item title, {2} for the item summary and {3} for the item url.', 1);
INSERT INTO setting (id, name, value, type, person_user, description, enable) VALUES (81, 'libraryNotificationContentItemReply', '<p><i>To {1}: </i>{0} has commented on your library item:<br/><i>New Comment:</i><br/><b>{4}</b><br/>{5}<br/><br/><i>Library Item Summary:</i><br/><b>{2}</b><br/>{3}</p>', 1, NULL, 'this is the string surrounding the notification for a new comment thread in reply to a library item. Use {0} for the user name of the original author, {1} for the author of the new comment, {2} for the title of the original library item, {3}for the summary of the library item, {4} for the subject of the comment, {5} (HTMLified) text of the comment and {6} for the comment url.', 1);
INSERT INTO setting (id, name, value, type, person_user, description, enable) VALUES (82, 'libraryNotificationContentItemReplyAmend', '<p><i>To {1}: </i>{0} has amended the comment on your library item:<br/><i>Amended Comment:</i><br/><b>{4}</b><br/>{5}<br/><br/><i>Library Item Summary:</i><br/><b>{2}</b><br/>{3}</p>', 1, NULL, 'this is the string surrounding the notification for an amended comment thread in reply to a library item. Use {0} for the user name of the original author, {1} for the author of the new comment, {2} for the title of the original library item, {3}for the summary of the library item, {4} for the subject of the comment, {5} (HTMLified) text of the comment and {6} for the comment url.', 1);
INSERT INTO setting (id, name, value, type, person_user, description, enable) VALUES (83, 'libraryNotificationContentType', 'text/html', 1, NULL, 'the type used in email notifications', 1);
INSERT INTO setting (id, name, value, type, person_user, description, enable) VALUES (84, 'libraryRecent', '20', 0, NULL, 'number of articles to show on the recent articles list', 1);
INSERT INTO setting (id, name, value, type, person_user, description, enable) VALUES (85, 'pathButtonsDirectory', 'images/buttons/en/', 1, NULL, 'directory where all the buttons are stored', 1);
INSERT INTO setting (id, name, value, type, person_user, description, enable) VALUES (86, 'pathContext', 'http://localhost', 1, NULL, 'the stem of the url to the site', 1);
INSERT INTO setting (id, name, value, type, person_user, description, enable) VALUES (87, 'pathLibraryITemImages', '/images/articles/', 1, NULL, 'path to article images', 1);
INSERT INTO setting (id, name, value, type, person_user, description, enable) VALUES (88, 'pathMenuItemImages', '/images/menu/item/', 1, NULL, 'Stores the path for the short cut images, in the left frame. Note: must have a trailing slash!', 1);
INSERT INTO setting (id, name, value, type, person_user, description, enable) VALUES (89, 'pathScriptMailServer', '/usr/local/ivatagroupware/mailserver/sudo', 1, NULL, 'path for the scripts which drive the mail server', 1);
INSERT INTO setting (id, name, value, type, person_user, description, enable) VALUES (90, 'pathTopics', '/library/images/topics/', 1, NULL, 'path to topic images', 1);
INSERT INTO setting (id, name, value, type, person_user, description, enable) VALUES (91, 'securitySessionServer', 'com.ivata.groupware.business.mail.server.ScriptMailServer', 1, NULL, '', 0);
INSERT INTO setting (id, name, value, type, person_user, description, enable) VALUES (92, 'siteAdminEmail', 'webmaster@localhost', 1, NULL, 'the email address for users to address any queries about the site to.', 1);
INSERT INTO setting (id, name, value, type, person_user, description, enable) VALUES (93, 'siteCheckQuota', 'true', 2, NULL, 'set to true to enable the quota display in the top right frame.', 0);
INSERT INTO setting (id, name, value, type, person_user, description, enable) VALUES (94, 'siteDefaultForward', 'mailIndex', 1, NULL, 'This is the default url which will appear when the user first logs in.', 1);
INSERT INTO setting (id, name, value, type, person_user, description, enable) VALUES (96, 'siteLogo', '/images/logo.jpg', 1, NULL, 'full path to the logo for the title page', 0);
INSERT INTO setting (id, name, value, type, person_user, description, enable) VALUES (97, 'siteName', 'ivata groupware v0.10', 1, NULL, 'this is the name of the site as used when welcoming the user in the login screen, for example', 0);
INSERT INTO setting (id, name, value, type, person_user, description, enable) VALUES (98, 'siteQuotaLimit', '2', 0, NULL, 'limit for free space of quota, in MegaBytes', 1);
INSERT INTO setting (id, name, value, type, person_user, description, enable) VALUES (99, 'siteTitle', 'ivata groupware', 1, NULL, 'this is the main title for the site, which is used in all the header tags', 0);
INSERT INTO setting (id, name, value, type, person_user, description, enable) VALUES (100, 'siteVersion', '0.10', 1, NULL, 'current version of ivata groupware. used by the install script.', 1);
INSERT INTO setting (id, name, value, type, person_user, description, enable) VALUES (101, 'siteWelcomeText', '<p>This is a members-only area, so you will have to kindly login to enjoy the full benefits of ivata groupware. <br/>   In order for this program to function properly, please make sure pop ups are enabled in your browser.    </p>', 1, NULL, 'Text which appears in the login screen. This is one setting which the users cannot override.', 1);


--
-- Data for TOC entry 69 (OID 19977)
-- Name: telecom_address; Type: TABLE DATA; Schema: public; Owner: postgres
--

INSERT INTO telecom_address (id, person, address, address_type, number) VALUES (1, 1, 'admin@site.com', 4, 0);



insert into setting (name, value, type, description, enable, created, created_by, modified, modified_by) values ('emailAddressHost', 'locahost', 1, 'host used to append to email addresses generated from user names', 1, now(), 1, now(), 1);
insert into setting (name, value, type, description, enable, created, created_by, modified, modified_by) values ('userNamePrefix', '', 1, 'Prepended to user names to get the actual system user name.', 1, now(), 1, now(), 1);
insert into setting (name, value, type, description, enable, created, created_by, modified, modified_by) values ('siteDebug', 'true', 2, 'Set to true to display error messages on the screen. Otherwise, they are sent to the administrator.', 1, now(), 1, now(), 1);
-- changed setting values here --
update setting set value='/usr/local/ivatagroupware/mailserver/sudo' where name='pathScriptMailServer';
-- change the name of the emailDebug setting to siteLoginDebug
update setting set name='siteLoginDebugPassword' where name='emailDebug';
update setting set value='false' where name='siteLoginDebugPassword';
-- change emailPersonalNamespace to emailFolderNamespace
update setting set name='emailFolderNamespace' where name='emailPersonalNamespace';
-- capitalize the HTML
update setting set name='emailHeaderReplyHTML' where name='emailHeaderReplyHtml';
update setting set name='emailHeaderForwardHTML' where name='emailHeaderForwardHtml';

-- fix primitive types
update person_user set deleted=0;
update person set deleted=0;


update navigation_menu_item set text='post faqs' where text='post answers';
-- disable drive menu item for now
delete from navigation_menu_item where text='drive';
-- minutes are also out of this next release
delete from navigation_menu_item where text='write minutes';
delete from navigation_menu_item where text='plan meeting';
-- as are preferences
delete from navigation_menu_item where text='preferences';
-- and drafts folder on webmail
delete from navigation_menu_item where text='drafts';


update person_group set created=now(), modified=now() where created is null;
update person set created=now(), modified=now() where created is null;
update telecom_address set created=now(), modified=now() where created is null;
update setting set created=now(), modified=now() where created is null;
SET FOREIGN_KEY_CHECKS = 1;
